{
    "loss": [6.160378456115723, 5.480701446533203, 4.547557353973389, 3.839308738708496, 3.3266918659210205, 2.9017486572265625, 2.6308064460754395, 2.366147518157959, 2.1933047771453857, 2.0001423358917236, 1.9369440078735352, 1.7823262214660645, 1.6574612855911255, 1.580246090888977, 1.5222469568252563, 1.4316174983978271, 1.394088625907898, 1.352620244026184, 1.3070831298828125, 1.2515760660171509, 1.1992820501327515, 1.1654057502746582, 1.1559245586395264, 1.0923690795898438, 1.0777490139007568, 1.0094542503356934, 1.0170819759368896, 0.9786165952682495, 0.9572570323944092, 0.9428797364234924, 0.9091065526008606, 0.887953519821167, 0.8850082755088806, 0.8844419717788696, 0.8400102853775024, 0.842420220375061, 0.7904693484306335, 0.8005933165550232, 0.7745916247367859, 0.7895542979240417, 0.7881105542182922, 0.7575268745422363, 0.7371364831924438, 0.7433897852897644, 0.730026364326477, 0.6858444809913635, 0.7070687413215637, 0.6683116555213928, 0.6963889598846436, 0.6845675706863403, 0.6460011005401611, 0.6627755165100098, 0.6199729442596436, 0.6616817116737366, 0.6362249255180359, 0.670739471912384, 0.6172893643379211, 0.5976588129997253, 0.6000527739524841, 0.5797795653343201, 0.6108403205871582, 0.6035767197608948, 0.6328723430633545, 0.604975163936615, 0.579401433467865, 0.6079840064048767, 0.6036684513092041, 0.5884032845497131, 0.5492661595344543, 0.5950525403022766, 0.552437961101532, 0.5933706164360046, 0.5379727482795715, 0.5455998778343201, 0.5091504454612732, 0.5322780013084412, 0.550445556640625, 0.5368981957435608, 0.5148943662643433, 0.4944477081298828, 0.5150467753410339, 0.5171334743499756, 0.5364096760749817, 0.5180941820144653, 0.515426516532898, 0.492861270904541, 0.5210633277893066, 0.4675479233264923, 0.4821387827396393, 0.477403461933136, 0.48353737592697144, 0.47558367252349854, 0.4845750033855438, 0.5094078779220581, 0.5022428631782532, 0.476850301027298, 0.5194160342216492, 0.5089349150657654, 0.47349950671195984, 0.49317997694015503],
    "accuracy": [0.003367003286257386, 0.027176527306437492, 0.08922559022903442, 0.1505531519651413, 0.22510822117328644, 0.29870128631591797, 0.33645984530448914, 0.3949013948440552, 0.42496392130851746, 0.46320345997810364, 0.4841269850730896, 0.5194805264472961, 0.5473785400390625, 0.560606062412262, 0.5719095468521118, 0.5986050963401794, 0.6075035929679871, 0.6212121248245239, 0.6337181329727173, 0.6414141654968262, 0.6601731777191162, 0.6594516634941101, 0.6635401844978333, 0.6755651831626892, 0.6813371777534485, 0.7063491940498352, 0.7080327272415161, 0.7065896987915039, 0.7147667407989502, 0.7121211886405945, 0.7246271967887878, 0.7311207056045532, 0.7409812211990356, 0.7359307408332825, 0.7530062794685364, 0.7469937205314636, 0.7631072402000427, 0.7594997882843018, 0.7621452808380127, 0.761904776096344, 0.7587782740592957, 0.7717652916908264, 0.7744107842445374, 0.7664742469787598, 0.7770562767982483, 0.7984607815742493, 0.7912458181381226, 0.7929292917251587, 0.7902837991714478, 0.7922077775001526, 0.7965368032455444, 0.804713785648346, 0.8073592782020569, 0.7989417910575867, 0.8015872836112976, 0.7946127653121948, 0.8109667897224426, 0.8157768249511719, 0.8150553107261658, 0.817460298538208, 0.8102453351020813, 0.8160173296928406, 0.8085618019104004, 0.8150553107261658, 0.8232323527336121, 0.820827305316925, 0.8213083148002625, 0.8155363202095032, 0.8302068114280701, 0.8119288086891174, 0.8290043473243713, 0.822510838508606, 0.8342953324317932, 0.8306878209114075, 0.8443963527679443, 0.8364598155021667, 0.8304473161697388, 0.8287638425827026, 0.8393458127975464, 0.8436748385429382, 0.8383838534355164, 0.8371813297271729, 0.8345358371734619, 0.841269850730896, 0.8407888412475586, 0.8487253785133362, 0.8439153432846069, 0.8518518805503845, 0.8508898615837097, 0.8581048846244812, 0.8513708710670471, 0.8504088521003723, 0.8511303663253784, 0.8417508602142334, 0.8417508602142334, 0.8508898615837097, 0.8383838534355164, 0.8470418453216553, 0.8494468331336975, 0.8528138399124146],
    "val_loss": [5.787211894989014, 4.455924034118652, 3.2806150913238525, 2.5756659507751465, 2.115236520767212, 1.751213788986206, 1.5158506631851196, 1.3287498950958252, 1.2094194889068604, 1.0926305055618286, 1.0424754619598389, 0.9679009914398193, 0.9070753455162048, 0.8675772547721863, 0.8366289734840393, 0.8063881993293762, 0.770313024520874, 0.7489978671073914, 0.7398207187652588, 0.74039226770401, 0.7120294570922852, 0.68748939037323, 0.676769495010376, 0.6643906831741333, 0.6763027310371399, 0.6597405672073364, 0.6418468356132507, 0.6432421207427979, 0.6280748844146729, 0.640850841999054, 0.6432018280029297, 0.6254071593284607, 0.6254576444625854, 0.6481074690818787, 0.6323960423469543, 0.6204366683959961, 0.6172061562538147, 0.6198890805244446, 0.6225704550743103, 0.6382636427879333, 0.638463020324707, 0.6449425220489502, 0.6319169402122498, 0.6298209428787231, 0.6225929260253906, 0.6186906099319458, 0.610319972038269, 0.620532214641571, 0.613964855670929, 0.6021685600280762, 0.6417593955993652, 0.6307430267333984, 0.6268075108528137, 0.6390805840492249, 0.6398561000823975, 0.611807644367218, 0.6077507734298706, 0.606034517288208, 0.5946964025497437, 0.5904461145401001, 0.6135041117668152, 0.6106737852096558, 0.6175209879875183, 0.6337271928787231, 0.6219967007637024, 0.6049705743789673, 0.5972256064414978, 0.5869288444519043, 0.6236286163330078, 0.6209074854850769, 0.6164464950561523, 0.6222235560417175, 0.6247245073318481, 0.6312170624732971, 0.6474813222885132, 0.6379543542861938, 0.6142668128013611, 0.6269251108169556, 0.5893062949180603, 0.6104272603988647, 0.6519259214401245, 0.6661089062690735, 0.6660255789756775, 0.6447548866271973, 0.6387777328491211, 0.6060168147087097, 0.6171483993530273, 0.6167738437652588, 0.611635684967041, 0.602292001247406, 0.5864410400390625, 0.6058456897735596, 0.6186845302581787, 0.5806059241294861, 0.622106671333313, 0.6134312748908997, 0.6342330574989319, 0.6456426978111267, 0.6112403273582458, 0.6167697906494141],