{"verbose": 2, "epochs": 100, "steps": 51, "epoch": [0, 1, 2, 3, 4, 5, 6, 7, 8, 9, 10, 11, 12, 13, 14, 15, 16, 17, 18, 19, 20, 21, 22, 23, 24, 25, 26, 27, 28, 29, 30, 31, 32, 33, 34, 35, 36, 37, 38, 39, 40, 41, 42, 43, 44, 45, 46, 47, 48, 49, 50, 51, 52, 53, 54, 55, 56, 57, 58, 59, 60, 61, 62, 63, 64, 65, 66, 67, 68, 69, 70, 71, 72, 73, 74, 75, 76, 77, 78, 79, 80, 81, 82, 83, 84, 85, 86, 87, 88, 89, 90, 91, 92, 93, 94, 95, 96, 97, 98, 99], "loss": [6.253744602203369, 5.7394304275512695, 5.049684524536133, 4.447594165802002, 3.8468711376190186, 3.3710153102874756, 3.005812883377075, 2.673781394958496, 2.4316163063049316, 2.2711756229400635, 2.0582408905029297, 1.8463572263717651, 1.7524217367172241, 1.6416515111923218, 1.504431962966919, 1.4004839658737183, 1.3652677536010742, 1.229823350906372, 1.1507402658462524, 1.1502846479415894, 1.1092376708984375, 1.077824354171753, 1.0317386388778687, 0.9493371844291687, 0.9121841192245483, 0.901925802230835, 0.8502652645111084, 0.8340601921081543, 0.7701532244682312, 0.7770552039146423, 0.8053845763206482, 0.7323349714279175, 0.718188464641571, 0.7261720299720764, 0.6639001369476318, 0.6434220671653748, 0.6647029519081116, 0.6412890553474426, 0.6228607892990112, 0.6480470299720764, 0.5898035764694214, 0.6219040155410767, 0.5625748038291931, 0.5453712344169617, 0.5494127869606018, 0.5340780019760132, 0.5338464379310608, 0.4878160059452057, 0.5674130916595459, 0.5287671685218811, 0.5193691849708557, 0.48902514576911926, 0.4841086268424988, 0.4911932647228241, 0.47760340571403503, 0.48277848958969116, 0.4852738678455353, 0.46977314352989197, 0.44330400228500366, 0.4378686249256134, 0.4236278831958771, 0.4266999065876007, 0.44803091883659363, 0.41623252630233765, 0.3953927755355835, 0.43439793586730957, 0.4292733073234558, 0.3977374732494354, 0.4153616726398468, 0.40408360958099365, 0.4119071364402771, 0.4184693694114685, 0.39172545075416565, 0.33954188227653503, 0.3981931805610657, 0.38306063413619995, 0.4165245294570923, 0.37540534138679504, 0.3943570554256439, 0.3762613534927368, 0.40359339118003845, 0.36145302653312683, 0.38106176257133484, 0.3756406307220459, 0.3773019313812256, 0.3723530173301697, 0.35573044419288635, 0.41774341464042664, 0.4073517918586731, 0.4094081223011017, 0.3962014615535736, 0.3792584538459778, 0.38282349705696106, 0.34180837869644165, 0.3639429807662964, 0.3856014013290405, 0.35950547456741333, 0.3857163190841675, 0.39023736119270325, 0.34168902039527893], "accuracy": [0.0040197898633778095, 0.017006803303956985, 0.05689548701047897, 0.09245516359806061, 0.16542981564998627, 0.21768707036972046, 0.2884972095489502, 0.3407544791698456, 0.38249844312667847, 0.41187384724617004, 0.4666048288345337, 0.5064935088157654, 0.5380333662033081, 0.555040180683136, 0.5794681310653687, 0.6072974801063538, 0.6212121248245239, 0.6505874991416931, 0.6700680255889893, 0.6722325086593628, 0.6864563822746277, 0.6873840689659119, 0.7006802558898926, 0.7272727489471436, 0.7294372320175171, 0.7340754270553589, 0.7489177584648132, 0.7498453855514526, 0.7643784880638123, 0.7721088528633118, 0.7600494623184204, 0.7847866415977478, 0.7946814894676208, 0.7857142686843872, 0.8067408800125122, 0.8039579391479492, 0.7999381422996521, 0.8008658289909363, 0.8101422190666199, 0.8002473711967468, 0.8212739825248718, 0.8157081007957458, 0.8314780592918396, 0.8311688303947449, 0.826839804649353, 0.8361162543296814, 0.8320964574813843, 0.8525046110153198, 0.829622745513916, 0.8367347121238708, 0.8429189920425415, 0.8525046110153198, 0.8487940430641174, 0.8472480177879333, 0.8540506958961487, 0.853741466999054, 0.8528138399124146, 0.8599258065223694, 0.8726035952568054, 0.869202196598053, 0.868893027305603, 0.8701298832893372, 0.871675968170166, 0.8726035952568054, 0.8772417902946472, 0.8707482814788818, 0.8645640015602112, 0.8806431889533997, 0.8772417902946472, 0.8787878751754761, 0.8741496801376343, 0.8726035952568054, 0.887136697769165, 0.8945578336715698, 0.8778602480888367, 0.8806431889533997, 0.8834260702133179, 0.8862090110778809, 0.8806431889533997, 0.8896104097366333, 0.884353756904602, 0.8877550959587097, 0.8914656639099121, 0.887445867061615, 0.8831169009208679, 0.8911564350128174, 0.8982684016227722, 0.8760049343109131, 0.8790971040725708, 0.8809523582458496, 0.8831169009208679, 0.8896104097366333, 0.8834260702133179, 0.8976499438285828, 0.8951762318611145, 0.8908472657203674, 0.887136697769165, 0.8914656639099121, 0.8846629858016968, 0.9019789695739746], "val_loss": [5.827000617980957, 5.112764358520508, 4.081022262573242, 3.2371432781219482, 2.5717968940734863, 2.1074576377868652, 1.7341861724853516, 1.4893525838851929, 1.2495390176773071, 1.1207256317138672, 0.9897853136062622, 0.893608033657074, 0.8037472367286682, 0.7443329691886902, 0.6980032324790955, 0.6487709283828735, 0.6076229214668274, 0.57533198595047, 0.5553832054138184, 0.5285109281539917, 0.5262100100517273, 0.5008216500282288, 0.48542410135269165, 0.4718848466873169, 0.46751677989959717, 0.4351924657821655, 0.4365745782852173, 0.4238945245742798, 0.4196705222129822, 0.40545615553855896, 0.41460099816322327, 0.40048477053642273, 0.37805691361427307, 0.3849688470363617, 0.38301920890808105, 0.3867075741291046, 0.37274107336997986, 0.36347129940986633, 0.3779870569705963, 0.3726884126663208, 0.36118578910827637, 0.35673385858535767, 0.35788723826408386, 0.3571201264858246, 0.3654366731643677, 0.35186266899108887, 0.3455416262149811, 0.3667411804199219, 0.3574123978614807, 0.3375265300273895, 0.3547174036502838, 0.3484232723712921, 0.3529008626937866, 0.3491708040237427, 0.34441182017326355, 0.3442712724208832, 0.33752310276031494, 0.3314341604709625, 0.3327779173851013, 0.34113582968711853, 0.3432405889034271, 0.3493705987930298, 0.3336855471134186, 0.33758270740509033, 0.3329217731952667, 0.33284759521484375, 0.3195219337940216, 0.3097693622112274, 0.3250153660774231, 0.331906795501709, 0.32544106245040894, 0.3362295925617218, 0.3214251399040222, 0.33371061086654663, 0.340606689453125, 0.35059666633605957, 0.3269501030445099, 0.3182414472103119, 0.3288743495941162, 0.3279474675655365, 0.3285078704357147, 0.3246205747127533, 0.32528918981552124, 0.3236665725708008, 0.3341149091720581, 0.3428735136985779, 0.35328447818756104, 0.33602723479270935, 0.33480483293533325, 0.3602890968322754, 0.3727557957172394, 0.3518642485141754, 0.35356736183166504, 0.34902334213256836, 0.3617666959762573, 0.349866658449173, 0.36421647667884827, 0.35530221462249756, 0.3613506853580475, 0.37004849314689636],