{"verbose": 2, "epochs": 20, "steps": 1, "epoch": [0, 1, 2, 3, 4, 5, 6, 7, 8, 9, 10, 11, 12, 13, 14, 15, 16, 17, 18, 19], "loss": [1.4106553792953491, 1.32671320438385, 1.452350378036499, 1.3345680236816406, 1.3543775081634521, 1.2207876443862915, 1.23476243019104, 1.2158266305923462, 0.9036256074905396, 0.8619306683540344, 0.8204072713851929, 0.688011646270752, 0.5463476777076721, 0.8574609756469727, 0.4408356249332428, 0.5675744414329529, 0.762570858001709, 0.41063857078552246, 0.2742019295692444, 0.16182243824005127], "accuracy": [0.3125, 0.28125, 0.15625, 0.5, 0.3125, 0.375, 0.40625, 0.4375, 0.6875, 0.625, 0.65625, 0.6875, 0.75, 0.625, 0.78125, 0.71875, 0.78125, 0.84375, 0.84375, 0.9375], "val_loss": [1.348649024963379, 1.3141894340515137, 1.2537198066711426, 1.173152208328247, 1.06808602809906, 0.9495795965194702, 0.8148488998413086, 0.6914440989494324, 0.5978466272354126, 0.5047743320465088, 0.48292648792266846, 0.4159349799156189, 0.32105717062950134, 0.26469743251800537, 0.26075589656829834, 0.5166403651237488, 0.291786789894104, 0.12111124396324158, 0.06454558670520782, 0.031418345868587494], "val_accuracy": [0.375, 0.5, 0.75, 0.75, 0.75, 1.0, 1.0, 1.0, 0.75, 0.75, 0.625, 0.875, 0.875, 1.0, 0.875, 0.75, 0.875, 1.0, 1.0, 1.0]}