{"verbose": 2, "epochs": 20, "steps": 3, "epoch": [0, 1, 2, 3, 4, 5, 6, 7, 8, 9, 10, 11, 12, 13, 14, 15, 16, 17, 18, 19], "loss": [0.9467328190803528, 0.9922196865081787, 0.8611531257629395, 0.6812822818756104, 0.7703888416290283, 0.6460345387458801, 0.857016384601593, 0.2030450701713562, 0.49821165204048157, 0.8315004706382751, 0.7064566612243652, 0.8377136588096619, 0.9154984354972839, 0.6423137784004211, 0.40682241320610046, 0.03774842992424965, 0.9134580492973328, 0.08930939435958862, 0.5488846898078918, 0.21288006007671356], "f1_score": [0.5203007459640503, 0.5009583830833435, 0.760010838508606, 0.7660071849822998, 0.7768318057060242, 0.8890484571456909, 0.8526166677474976, 0.9529502391815186, 0.9202020168304443, 0.9008601903915405, 0.9016323089599609, 0.8833835124969482, 0.8868085145950317, 0.9238095283508301, 0.8994925022125244, 0.9893617033958435, 0.9173060655593872, 0.9735721945762634, 0.9583333134651184, 0.9737938642501831], "val_loss": [0.8187928795814514, 0.6723901629447937, 0.25203222036361694, 1.2133833169937134, 1.2748605012893677, 0.5703681707382202, 0.6850578784942627, 0.9049789905548096, 0.9627420902252197, 0.6559068560600281, 0.7143476605415344, 1.2694904804229736, 1.954142451286316, 1.9182294607162476, 1.4382781982421875, 1.2891024351119995, 1.6200956106185913, 1.5949307680130005, 1.768563151359558, 1.8172410726547241], "val_f1_score": [0.3181818127632141, 0.7870967388153076, 0.9130434989929199, 0.7385621070861816, 0.8285714387893677, 0.8814102411270142, 0.9582608938217163, 0.9582608938217163, 0.9160839319229126, 0.9582608938217163, 0.9582608938217163, 0.9582608938217163, 0.9582608938217163, 0.9397993087768555, 0.9582608938217163, 0.9582608938217163, 0.9582608938217163, 0.9582608938217163, 0.9582608938217163, 0.9582608938217163]}