{"verbose": 2, "epochs": 10, "steps": 2, "epoch": [0, 1, 2, 3, 4, 5, 6, 7, 8, 9], "loss": [22.80813980102539, 20.324668884277344, 13.761497497558594, 13.930704116821289, 8.03660774230957, 4.66202974319458, 2.853330373764038, 1.8173507452011108, 0.8913818597793579, 0.5787981152534485], "f1_score": [0.6387584209442139, 0.5756824016571045, 0.6551724076271057, 0.5857142806053162, 0.7169312834739685, 0.7899944186210632, 0.8269956111907959, 0.8789865970611572, 0.9742840528488159, 0.9827534556388855], "val_loss": [3.7428641319274902, 1.7770771980285645, 0.505121111869812, 0.3265332877635956, 0.15865860879421234, 0.0695098340511322, 0.012528796680271626, 0.0013599444646388292, 4.5306383981369436e-05, 2.4588724045315757e-05], "val_f1_score": [0.6601307392120361, 0.9614814519882202, 1.0, 1.0, 1.0, 1.0, 1.0, 1.0, 1.0, 1.0]}