{"verbose": 2, "epochs": 15, "steps": 2, "epoch": [0, 1, 2, 3, 4, 5, 6, 7, 8, 9, 10, 11, 12, 13, 14], "loss": [32.06259536743164, 19.944604873657227, 17.949493408203125, 11.80914306640625, 9.823864936828613, 7.303289413452148, 2.9679763317108154, 2.7867214679718018, 4.123372554779053, 2.922555685043335, 2.352367639541626, 1.0096758604049683, 0.5481467247009277, 0.5420932173728943, 0.11131516844034195], "f1_score": [0.5404941439628601, 0.5630114674568176, 0.5473729372024536, 0.695035457611084, 0.6282051801681519, 0.644444465637207, 0.8242552876472473, 0.8983333110809326, 0.8403361439704895, 0.8372966051101685, 0.791304349899292, 0.9583333134651184, 0.8954248428344727, 0.9583333134651184, 0.979157567024231], "val_loss": [2.1846983432769775, 5.193324565887451, 5.237792491912842, 4.084268093109131, 2.1356937885284424, 0.4616534411907196, 0.07859820127487183, 0.07782462984323502, 0.0848315954208374, 0.044368062168359756, 0.008668996393680573, 0.001700335182249546, 0.001619839109480381, 0.0017959523247554898, 0.002861273940652609], "val_f1_score": [0.4115384817123413, 0.3333333432674408, 0.36347565054893494, 0.5636363625526428, 0.6629787087440491, 0.8285714387893677, 1.0, 1.0, 1.0, 1.0, 1.0, 1.0, 1.0, 1.0, 1.0]}